"Location Name","Location Name ZH","Thai / Alt Name","Google Maps URL","Category","Notes","Notes ZH","Source URL","Source Tags","Verification Status","Lat","Lng","Icon","Slug"
"ร้านก๋วยเตี๋ยวเนื้อวัวนายเที๊ยบ สาขานาคนิวาส 10","นายเที๊ยบ 牛肉麵（Nak Niwat 10）","","https://www.google.com/maps/place/%E0%B8%A3%E0%B9%89%E0%B8%B2%E0%B8%99%E0%B8%81%E0%B9%8B%E0%B8%A7%E0%B8%A2%E0%B9%80%E0%B8%95%E0%B8%B5%E0%B9%8B%E0%B8%A2%E0%B8%A7%E0%B9%80%E0%B8%99%E0%B8%B7%E0%B9%89%E0%B8%AD%E0%B8%A7%E0%B8%B1%E0%B8%A7%E0%B8%99%E0%B8%B2%E0%B8%A2%E0%B9%80%E0%B8%97%E0%B8%B5%E0%B9%8A%E0%B8%A2%E0%B8%9A+%E0%B8%AA%E0%B8%B2%E0%B8%82%E0%B8%B2%E0%B8%99%E0%B8%B2%E0%B8%84%E0%B8%99%E0%B8%B4%E0%B8%A7%E0%B8%B2%E0%B8%AA+21/@13.8038947,100.6063752,17z/data=!3m1!4b1!4m6!3m5!1s0x30e29d92113f2e8f:0x73ad19ccdaaffe54!8m2!3d13.8038947!4d100.6063752!16s%2Fg%2F12qh4mbtk?entry=ttu&g_ep=EgoyMDI2MDcxNS4wIKXMDSoASAFQAw%3D%3D","Restaurant","","鄺鄺 IG 推薦
Lingling Instagram","https://maps.app.goo.gl/SThB6uC4zygrANNY7","Threads","Published","13.8038950","100.6063750","🍽","10"
"32Bar X","32Bar X 巧克力吧","32Bar X","https://www.google.com/maps/search/?api=1&query=ChIJWUGdH6yZ4jARaV06hryr5NE&query_place_id=ChIJWUGdH6yZ4jARaV06hryr5NE","Cafe","Specialty chocolate bar in Chinatown. Featured in Alek's exploration. Staff enthusiastic with free tastings. Drinks ฿140 + one chocolate piece. Orm ordered #7 (banana flavour), Ling ordered #1 (coconut flavour). ✓ Visited.","Alek探店系列 - 老城區。店員很熱情會給巧克力試吃，飲品約฿140加一小塊巧克力；Orm喝7號香蕉味，Ling喝1號椰子味。","https://www.threads.com/@ddding._.dong/post/DMNK2DoxybR, https://www.threads.com/@zymase.zy/post/DMKS9iFRT5I","Threads","Published","13.7339190","100.5121140","🍫","32bar-x"
"Aim Oat","Aim Oat 餐廳","","https://www.google.com/maps/search/?api=1&query=Aim+Oat+Khon+Kaen","Restaurant","","伊桑在地早餐店（推薦：Aim Oat 或 Baan Heng） 體驗：自駕的第一站先去填飽肚子。這兩家是孔敬極為有名的老字號早餐店，必點泰國東北標配的「越南煎蛋（Kai Kata，用小鐵鍋盛裝的雙煎蛋配臘腸肉末）」、越式豬肉米線及越式法國麵包。店內多有冷氣，環境乾淨。","https://maps.app.goo.gl/SThB6uC4zygrANNY7","Threads","Published","16.4355020","102.8362600","🍽","aim-oat"
"Baan Heng","Baan Heng 餐廳","","https://www.google.com/maps/search/?api=1&query=Baan+Heng+Khon+Kaen","Restaurant","","王源香 (Baan Heng / บ้านเฮง) ── 米其林指南推薦、伊桑在地早餐店

料理風格：泰式中式早餐與簡餐（Thai-Chinese）
特色：這是一家在孔敬非常有名的老字號。店內裝潢融合了復古與現代的泰中風格，環境乾淨明亮。

推薦：這裡非常適合吃早餐或午餐。招牌菜包括泰式煎蛋（Kai Kata）、越式麵包、特製燒肉等。另外，他們的烤豬肉乾和各式中式手信也相當受歡迎。","https://maps.app.goo.gl/SThB6uC4zygrANNY7","Threads","Published","16.4341360","102.8358200","🍽","baan-heng"
"Bang Di Kai Hat Yai","00K同款炸雞","บังดีไก่หาดใหญ่","https://maps.app.goo.gl/ywySqKduJ7qY2VEp7","Restaurant","Opens ~3 pm; Kling's favourite fried chicken near CH3 broadcasting area. One @nightviper74 commenter says '已經沒了' (possibly closed). Verify before visiting.","約下午 3 點營業；Kling 喜歡的炸雞攤，位於 CH3 電視台附近。@nightviper74 留言提到「已經沒了」，可能已停業，前往前需確認。","https://www.threads.com/@nightviper74/post/DId7paOJUKp, https://www.threads.com/@my_go_go_d/post/DDVt-bayjvt","Threads","Published","13.7177298","100.5728747","🍗","bang-di-kai-hat-yai"
"Butterbear Cafe EmSphere","Butterbear Cafe（EmSphere）","","https://www.google.com/maps/search/?api=1&query=Butterbear+Cafe+EmSphere+Sukhumvit+Rd%2C+Khlong+Tan%2C+Khlong+Toei%2C+Bangkok+10110","Cafe","","Ling 買給 Orm 的 Butterbear 甜點 （Butter Tteok)

Ref: https://www.threads.com/@___epoh___/post/DW6m0p7mL8O","https://maps.app.goo.gl/SThB6uC4zygrANNY7","Threads","Published","13.7322392","100.5668772","☕","butterbear-cafe-emsphere"
"Butterbear Cafe Siam Paragon","Butterbear Cafe（Siam Paragon）","","https://www.google.com/maps/search/?api=1&query=Butterbear+Cafe+Siam+Paragon+991+Rama+I+Rd%2C+Pathum+Wan%2C+Bangkok+10330","Cafe","","Ling 買給 Orm 的 Butterbear 甜點 （Butter Tteok)

Ref: https://www.threads.com/@___epoh___/post/DW6m0p7mL8O","https://maps.app.goo.gl/SThB6uC4zygrANNY7","Threads","Published","13.7458000","100.5348000","☕","butterbear-cafe-siam-paragon"
"Café Amazon (Wang Lang Soi 1)","Café Amazon（Wang Lang Soi 1）","","https://www.google.com/maps/search/?api=1&query=ChIJwRmVXAqZ4jARJcqVr8UHdYE&query_place_id=ChIJwRmVXAqZ4jARJcqVr8UHdYE","Restaurant","","Cafe Amazon

🍌炸香蕉請先定位外圍☕Amazon Cafe，找到轉角麵包店，就能順著室內攤位找到🥤飲料店和炸香蕉了！（裡面也有另一家Amazon Cafe)","https://maps.app.goo.gl/SThB6uC4zygrANNY7","Threads","Published","13.7562400","100.4862800","🍽","caf-amazon-wang-lang-soi-1"
"Cafe Ban Nok by Ple Venus","Cafe Ban Nok by Ple Venus","คาเฟ่ บ้านนอก byเปิ้ล วีนัส","https://maps.app.goo.gl/uPJBwfi7ucojwVCV6","Cafe","LingOrm cooking - Ling's papaya salad, Om's grilled chicken, something new. Orm is daughter in law of Isan!
https://www.youtube.com/watch?v=7CbjAuWpVPk","LingOrm 烹飪 - Ling 的木瓜沙拉、Om 的烤雞，還有一些新菜式。Orm 是伊桑媳婦！
https://www.youtube.com/watch?v=7CbjAuWpVPk","https://maps.app.goo.gl/SThB6uC4zygrANNY7","Threads","Published","13.7726270","100.6301368","☕","cafe-ban-nok-by-ple-venus"
"Chagô","Chagô 飲品店","ชาโก้","https://www.google.com/maps/search/?api=1&query=Chago+ชาโก้+Bangkok","Beverages","Photogenic Thai drink brand; listed on Lingorm's Trip.com map. @my_go_go_d also visited (reviewer noted feeling shy taking photos 😅).","上鏡感十足的泰國飲品品牌，出現在 Lingorm 的 Trip.com 地圖中。@my_go_go_d 也曾到訪，留言提到拍照會有點害羞。","https://tw.trip.com/moments/detail/bangkok-191-140507082/, https://www.threads.com/@my_go_go_d/post/DDVt-bayjvt","Trip.com, Threads","Published","13.7445590","100.5335330","🧋","chag"
"CHAGÔ ชาโก้ - EmQuartier","CHAGÔ 飲品店（EmQuartier）","","https://www.google.com/maps/search/?api=1&query=CHAG%C3%94+%E0%B8%8A%E0%B8%B2%E0%B9%82%E0%B8%81%E0%B9%89+-+EmQuartier+Sukhumvit+Rd%2C+Khlong+Tan+Nuea%2C+Watthana%2C+Bangkok+10110","Beverages","","Chago分店2","https://maps.app.goo.gl/SThB6uC4zygrANNY7","Threads","Published","13.7304980","100.5694680","🥤","chag-emquartier"
"CHANN | Bangkok-Noi","CHANN Bangkok-Noi 酒店","","https://www.google.com/maps/search/?api=1&query=CHANN+%7C+Bangkok-Noi+30%2F1+Soi+Somdej+Pra+Pinklaow+1%2C+Arun+Amarin%2C+Bangkok+Noi%2C+Bangkok+10700","Hotel","","LingOrm x LenaMiu

節目內用餐 + 拍照點
Dine in and photo spot

https://youtu.be/aBAsJtWeriw","https://maps.app.goo.gl/SThB6uC4zygrANNY7","Threads","Published","13.7614660","100.4868380","🏨","chann-bangkok-noi"
"Channel 3 Thailand (CH3)","泰國第 3 電視台（CH3）","","https://maps.app.goo.gl/CTfAHfTTBmHV7MYS6","Filming Location","Broadcasting compound of Thai TV channel 3; Lingorm's home studio. Area has a cafe with good orange coffee & a nearby fried chicken stall (possibly closed). Fan pilgrimage.","泰國第 3 電視台的廣播／拍攝園區，也是 Lingorm 的主場工作地。附近有橙子咖啡不錯的咖啡店與可能已停業的炸雞攤，是粉絲朝聖點。","https://www.threads.com/@nightviper74/post/DId7paOJUKp","Threads","Published","13.7170490","100.5725040","📺","channel-3-thailand-ch3"
"Chin Bo Dang","Chin Bo Dang","","https://www.google.com/maps/search/?api=1&query=Chin+Bo+Dang+693+Sukhumvit+Rd%2C+Khlong+Tan+Nuea%2C+Watthana%2C+Bangkok+10110","Restaurant","","Lingling’s Instagram Story
https://www.threads.com/@___epoh___/post/DRup2Pikl9oo","https://maps.app.goo.gl/SThB6uC4zygrANNY7","Threads","Published","13.7304980","100.5694680","🍽","chin-bo-dang"
"Chin Bo Dang - Central World","Chin Bo Dang（Central World）","","https://www.google.com/maps/search/?api=1&query=Chin+Bo+Dang+-+Central+World+999%2F9+Rama+I+Rd%2C+Pathum+Wan%2C+Bangkok+10330","Shopping","","Lingling’s Instagram Story
https://www.threads.com/@___epoh___/post/DRup2Pikl9oo","https://maps.app.goo.gl/SThB6uC4zygrANNY7","Threads","Published","13.7461980","100.5393240","🛍","chin-bo-dang-central-world"
"ทิพย์วารี  (convenience store)","ทิพย์วารี 蝦餅店","ทิพย์วารี","https://www.google.com/maps/search/?api=1&query=%E0%B8%97%E0%B8%B4%E0%B8%9E%E0%B8%A2%E0%B9%8C%E0%B8%A7%E0%B8%B2%E0%B8%A3%E0%B8%B5+%28convenience+store%29+Sukhumvit+area%2C+Bangkok","Shopping","","鄺鄺愛吃的蝦餅，隔壁的雜貨舖也有賣","https://www.threads.com/@littleb20/post/DXWhSF2EsUj","Threads","Published","13.8055150","100.6074893","🛍","convenience-store"
"Davin Cafe","Davin 咖啡廳","","https://www.google.com/maps/search/?api=1&query=Davin+Cafe+Nawamin+Bangkok","Cafe","Café at 108 Khlong Lam Chiak Rd, Nawamin, Bueng Kum. Lingorm/Orm-associated per Douban compilation.","限動 orm喝的咖啡店","https://www.douban.com/group/topic/311908182/","Douban","Published","13.8218568","100.6272665","☕","davin-cafe"
"Dear December Cafe","Dear December 咖啡廳","ดีร์ ดีเซมเบอร์ คาเฟ่","https://maps.app.goo.gl/AGj1dx5tErVob5Yf8","Cafe","Café opened by Booky. Far from city center — Grab/Bolt hard to get, taxis may overcharge (฿300 reported). Pre-order cakes via LINE official account. Clean, photogenic space with huge Instax wall. Menu: Bear cake ฿110 (dry sponge, good banana sauce), Fruit cake ฿135, Corn cake ฿135 (unique first bite, gets cloying), Lemon matcha ฿135 (Xiao Ao same drink). ","Booky開的咖啡廳。離市區有點遠建議叫車去，不過grab和bolt都不好叫，叫計程車要小心不要被坑（那天花了฿300搭過去被Booky爸爸說太貴了）。想吃什麼蛋糕可以提前留言給官方賴，他們說只要提前講就會確保那天有賣。整體環境很乾淨舒服，很好拍照，適合久坐，拍立得牆很壯觀。小熊蛋糕฿110、水果蛋糕฿135、玉米蛋糕฿135、檸檬抹茶฿135。","https://www.threads.com/@ddding._.dong/post/DMNK2DoxybR","Threads","Published","13.6756570","100.6446640","☕","dear-december-cafe"
"迪奧咖啡 曼谷 (Dior Cafe Bangkok)","迪奧咖啡 曼谷","","https://www.google.com/maps/search/?api=1&query=%E8%BF%AA%E5%A5%A7%E5%92%96%E5%95%A1+%E6%9B%BC%E8%B0%B7+%28Dior+Cafe+Bangkok%29+1029+Phloen+Chit+Rd%2C+Lumphini%2C+Pathum+Wan%2C+Bangkok+10330","Cafe","Dior Cafe","Dior Cafe","https://maps.app.goo.gl/SThB6uC4zygrANNY7","Threads","Published","13.7441550","100.5451990","☕","dior-cafe-bangkok"
"Eak-O-Cha stewed beef","Eak-O-Cha 燉牛肉","เนื้อตุ๋นเอกโอชา","https://www.google.com/maps/place/Eak-O-Cha+stewed+beef/@13.794076,100.6088667,17z/data=!3m1!4b1!4m6!3m5!1s0x30e29d9bbb2e17db:0xd900846d595ecf64!8m2!3d13.794076!4d100.6088667!16s%2Fg%2F11td_psn89?entry=ttu&g_ep=EgoyMDI2MDcxNS4wIKXMDSoASAFQAw%3D%3D","Restaurant","","鄺鄺 IG 推薦
Lingling Instagram","https://maps.app.goo.gl/SThB6uC4zygrANNY7","Threads","Published","13.7940760","100.6088670","🍽","eak-o-cha-stewed-beef"
"Ekamai Mookata","Ekamai 泰式燒烤火鍋","เอกมัยหมูกระทะ","https://www.google.com/maps/place/Ekamai+Mookata/@13.7357654,100.5892865,17z/data=!3m1!4b1!4m6!3m5!1s0x30e29f60213af8ef:0xb0ef589211791d08!8m2!3d13.7357654!4d100.5892865!16s%2Fg%2F11kjgm274z?entry=ttu&g_ep=EgoyMDI2MDcxNS4wIKXMDSoASAFQAw%3D%3D","Restaurant","Mookata (BBQ hot-pot) restaurant in Ekamai area; Lingorm ate here during a livestream. Exact name not given—'Ekamai Mookata' is ambiguous. Address confirmed via Douban: 392 Ekkamai 24 Alley, Khlong Tan Nua, Watthana, Bangkok 10110.","位於 Ekamai 一帶的泰式燒烤火鍋店；00直播“ i love you 黑粉 ”烤肉店。","https://www.kkday.com/zh-hk/blog/111889/lingorm-bangkok-itinerary-attractions-guide, https://www.douban.com/group/topic/311908182/","KKday, Douban","Published","13.7357654","100.5892865","🍖","ekamai-mookata"
"Everyday MooKrata","Everyday 泰式燒烤火鍋","Everyday Mookrata & Lobster City","https://maps.app.goo.gl/1WEvdU7gP5feELu56","Restaurant","Thai BBQ hot-pot (mookrata) restaurant with river views; KKday lists alongside Lobster City as trendy local hotspots Lingorm frequented.","河畔景觀泰式燒烤火鍋店；KKday 將它與 Lobster City 一起列為玲玲去過的潮流在地熱點。","https://www.kkday.com/zh-hk/blog/111889/lingorm-bangkok-itinerary-attractions-guide","KKday","Published","13.7305000","100.5129000","🍖","everyday-mookrata"
"Franca | Modern Italian and Fine Steaks","Franca 義式牛排餐廳","","https://www.google.com/maps/search/?api=1&query=Franca+%7C+Modern+Italian+and+Fine+Steaks+Sukhumvit+Rd%2C+Khlong+Tan+Nuea%2C+Watthana%2C+Bangkok+10110","Restaurant","","Ling visited

Ref:
Ling’s IG post: https://www.instagram.com/p/DXwUpW5gYRC/

https://www.threads.com/@___epoh___/post/DYK4FpIk7TJ","https://maps.app.goo.gl/SThB6uC4zygrANNY7, https://www.threads.com/@___epoh___/post/DYK4FpIk7TJ","Threads","Published","13.7357523","100.5570873","🍽","franca-modern-italian-and-fine-steaks"
"Gài Yâang Rá Bìiap (grilled chicken and som tum)","Gài Yâang Rá Bìiap 烤雞青木瓜沙拉","","https://www.google.com/maps/place/G%C3%A0i+Y%C3%A2ang+R%C3%A1+B%C3%ACiap+(grilled+chicken+and+som+tum)/@16.4418269,102.8308195,17z/data=!3m1!4b1!4m6!3m5!1s0x31228a41119d95d1:0xe01566e491b7297e!8m2!3d16.4418269!4d102.8308195!16s%2Fg%2F1hm258vhb?entry=ttu&g_ep=EgoyMDI2MDcxNS4wIKXMDSoASAFQAw%3D%3D","Restaurant","","Gai Yang Rabeab (ไก่ย่างระเบียบ) —— 市區首選！美食家激推的「烤雞天花板」

如果你不想特地跑到北邊的考宣光縣，這家開在孔敬市中心附近的傳奇名店就是你的完美解方。它的店主家族正是來自考宣光本郡，連鎖店所使用的優質土雞也是每天從原產地新鮮運送過來。

獨特之處： 這家店的烤法非常考究，使用的是一種結合了特製金屬盆與傳統黏土小火爐的「半烤半烘」特殊構造。這種慢火間接炭烤的方式，能讓炭火熱度完美地在空間中迴流。烤出來的雞皮呈現極致完美的金黃色，質地薄脆，而皮下的肉質濕潤、細嫩，甚至帶有一種近乎滑順的油脂感，完美呈現了優質走地雞純粹、無添加過多醬料的鮮美原味。

（建議下午三點前入店以免售罄）","https://maps.app.goo.gl/SThB6uC4zygrANNY7","Threads","Published","16.4418270","102.8308190","🍽","g-i-y-ang-r-b-iap-grilled-chicken-and-som-tum"
"GaGa Udon House","GaGa 烏冬屋","","https://www.google.com/maps/place/GaGa+Udon+House/@13.7364406,100.5740906,17z/data=!3m1!4b1!4m6!3m5!1s0x30e29f042b0652eb:0x586a7ab8cae43c8c!8m2!3d13.7364406!4d100.5740906!16s%2Fg%2F11t10lnc9d?entry=ttu&g_ep=EgoyMDI2MDcxNS4wIKXMDSoASAFQAw%3D%3D","Restaurant","Udon restaurant on Lingorm's Bangkok map, as listed in Trip.com post.","出現在 Lingorm 曼谷地圖中的烏冬餐廳，來源為 Trip.com 貼文。","https://tw.trip.com/moments/detail/bangkok-191-140507082/","Trip.com","Published","13.7364410","100.5740910","🍜","gaga-udon-house"
"Galaxy Enterprise Gaming Thailand","Galaxy Enterprise Gaming Thailand","","https://www.google.com/maps/search/?api=1&query=Galaxy+Enterprise+Gaming+Thailand+4th+floor+Zone+A%2C+Center+444%2C+Wang+Mai%2C+Pathum+Wan%2C+Bangkok+10330","Activity","","LenaMiu x LingOrm

https://youtu.be/aHHvnJpOQfY","https://maps.app.goo.gl/SThB6uC4zygrANNY7","Threads","Published","13.7447140","100.5296360","🎯","galaxy-enterprise-gaming-thailand"
"漢王廟 (Han Wang Miao)","漢王廟","","https://www.google.com/maps/search/?api=1&query=%E6%BC%A2%E7%8E%8B%E5%BB%9F+%28Han+Wang+Miao%29+1192+Soi+Chareonkrung+22%2C+Talat+Noi%2C+Samphanthawong%2C+Bangkok+10100","Neighbourhood","","LingOrm 和 Alek 一起去拜拜的廟宇

https://youtu.be/FnZI7J3HUU0","https://maps.app.goo.gl/SThB6uC4zygrANNY7","Threads","Published","13.7328800","100.5121800","🏘️","han-wang-miao"
"Hangetsu Omakase","花月 無菜單日料","花月 (ฮันเก็ตสึ)","https://www.google.com/maps/place/Hangetsu+Omakase/@13.7346612,100.5869579,17z/data=!3m1!4b1!4m6!3m5!1s0x30e29f1ab8c25ddb:0xc21f506cddd61be0!8m2!3d13.7346612!4d100.5869579!16s%2Fg%2F11p55rg0_v?entry=ttu&g_ep=EgoyMDI2MDcxNS4wIKXMDSoASAFQAw%3D%3D","Restaurant","Japanese omakase at 287 Vibes 28 Ekkamai Rd, Watthana; ★4.8 (362), ฿1,000+. Lingorm/Orm-visited per Douban compilation.","位於 Ekkamai Vibes 28 的日式無菜單料理，฿1,000+，豆瓣合集中的 Lingorm 相關餐廳。","https://www.douban.com/group/topic/311908182/","Douban","Published","13.7265000","100.5830000","🍣","hangetsu-omakase"
"Hong Sieng Kong","河邊咖啡廳","ฮงเซียงกง","https://www.google.com/maps/place/Hong+Sieng+Kong/@13.7347953,100.5115915,17z/data=!3m1!4b1!4m6!3m5!1s0x30e299a0160ccde7:0x2b7dafd1bfe99787!8m2!3d13.7347953!4d100.5115915!16s%2Fg%2F11j6dv6qsn?entry=ttu&g_ep=EgoyMDI2MDcxNS4wIKXMDSoASAFQAw%3D%3D","Cafe","Riverside café in the Chinatown area. Featured in Alek's exploration. To visit. Tip: best visited at sunset for photos; indoor air-conditioned seating available.","Alek探店系列 - 老城區，下次要去。建議日落時去拍照，也有室內冷氣座位；這區可考慮租腳踏車。","https://www.threads.com/@ddding._.dong/post/DMNK2DoxybR","Threads","Published","13.7347950","100.5115910","☕","hong-sieng-kong"
"Huen Muan Jai","Huen Muan Jai 北泰餐廳","เฮือนม่วนใจ๋
","https://www.google.com/maps/place/Huen+Muan+Jai/@18.7998592,98.9756064,17z/data=!3m1!4b1!4m6!3m5!1s0x30da3a8c183393ed:0x6bad4b8a8337d731!8m2!3d18.7998592!4d98.9756064!16s%2Fg%2F11b6b9d9ym?entry=ttu&g_ep=EgoyMDI2MDcxNS4wIKXMDSoASAFQAw%3D%3D","Restaurant","","Orm visited

Ref: https://www.threads.com/@vein_0o/post/DQvZ4XOChok","https://maps.app.goo.gl/SThB6uC4zygrANNY7","Threads","Published","18.7998610","98.9755990","🍽","huen-muan-jai"
"แก่น I KAEN","แก่น I KAEN 孔敬餐廳","","https://www.google.com/maps/place/%E0%B9%81%E0%B8%81%E0%B9%88%E0%B8%99+I+KAEN/@16.4638854,102.8257428,17z/data=!3m1!4b1!4m6!3m5!1s0x31228b8eb5694c7f:0xf3e7587c428c676d!8m2!3d16.4638854!4d102.8257428!16s%2Fg%2F11rxqc4_26?entry=ttu&g_ep=EgoyMDI2MDcxNS4wIKXMDSoASAFQAw%3D%3D","Restaurant","","KAEN (แก่น) ── 米其林指南推薦

料理風格：新派當代依善料理（Modern Isan Cuisine）
特色：這是一家將傳統泰國東北料理精緻化的 Casual Fine Dining 餐廳。主廚夫妻巧妙地運用許多從當地小農手中直接採購的稀有食材，透過現代創新的烹調手法，重新詮釋依善料理那種大膽、多層次的酸辣風味。

推薦：如果想在舒適的環境中品嚐升級版的精緻泰式伊桑風味，非常推薦來此用餐（建議提早訂位）。","https://maps.app.goo.gl/SThB6uC4zygrANNY7","Threads","Published","16.4638850","102.8257360","🍽","i-kaen"
"IMPACT Arena","IMPACT Arena","อิมแพ็ค อารีน่า","https://www.google.com/maps/place/IMPACT+Arena/@13.9115136,100.54838,17z/data=!3m1!4b1!4m6!3m5!1s0x30e28374759ade4b:0x98e04841a8c7a8b0!8m2!3d13.9115136!4d100.54838!16s%2Fg%2F11fj329ck1?entry=ttu&g_ep=EgoyMDI2MDcxNS4wIKXMDSoASAFQAw%3D%3D","Activity","Fan Con","Fan Con","https://maps.app.goo.gl/SThB6uC4zygrANNY7","Threads","Published","13.9115136","100.5483800","🎯","impact-arena"
"InterContinental Khao Yai Resort","考艾洲際度假酒店","","https://www.google.com/maps/place/%E8%80%83%E8%89%BE%E6%B4%B2%E9%9A%9B%E9%A3%AF%E5%BA%97%E5%BA%A6%E5%81%87%E6%9D%91/@14.5116433,101.5350323,17z/data=!3m1!4b1!4m9!3m8!1s0x311c2be0b76795e1:0xc6e47a5f2e45b7af!5m2!4m1!1i2!8m2!3d14.5116433!4d101.5350323!16s%2Fg%2F11q956r9hz?entry=ttu&g_ep=EgoyMDI2MDcxNS4wIKXMDSoASAFQAw%3D%3D","Hotel","Train-themed luxury resort near Khao Yai national park; Lingorm visited on her travel show; ~2.5 hrs from Bangkok.","以火車為主題的奢華度假村，位於考艾國家公園附近；玲玲曾在旅遊節目中到訪，距曼谷約 2.5 小時車程。","https://www.kkday.com/zh-hk/blog/111889/lingorm-bangkok-itinerary-attractions-guide","KKday","Published","14.5116433","101.5350323","🏨","intercontinental-khao-yai-resort"
"Jae Wan","Jae Wan 冰店","แจ๊ะหวาน","https://www.google.com/maps/place/Jae+Wan/@13.7396492,100.5222225,17z/data=!3m1!4b1!4m6!3m5!1s0x30e299293ebc3217:0xdb2ef36a28b04a9e!8m2!3d13.7396492!4d100.5222225!16s%2Fg%2F1ydxc43jr?entry=ttu&g_ep=EgoyMDI2MDcxNS4wIKXMDSoASAFQAw%3D%3D","Cafe","Ice dessert shop where Xiao Ao (MIRROR member 小奧) was spotted in April; also a Lisa (BLACKPINK) same-spot location. Mixed online reviews — skipped this trip. To visit next time.","小奧四月被偶遇的冰店，也是 Lisa 同款。評價很兩極，這次沒有排進行程，下次要去。","https://www.threads.com/@ddding._.dong/post/DMNK2DoxybR","Threads","Published","13.7396490","100.5222260","🍦","jae-wan"
"Jay Hieng Fishball Noodles","魚丸麵","เจ๊เฮียงลูกชิ้นปลาก๋วยเตี๋ยว","https://maps.google.com/?ftid=0x30e29910477b0111","Restaurant","Fishball noodle shop on Charoen Krung road. Featured in Alek's exploration. To visit. Recommended: pink fermented tofu soup noodles, braised pork dry noodles, clear fishball noodles.","Alek探店系列 - 石龍軍路，下次要去。同款：粉紅腐乳湯麵、五花肉乾拌麵、清湯魚丸麵。","https://www.threads.com/@ddding._.dong/post/DMNK2DoxybR","Threads","Published","13.7334770","100.5134960","🍜","jay-hieng-fishball-noodles"
"Jurassic World: The Experience Bangkok","Jurassic World 曼谷體驗展","","https://www.google.com/maps/search/?api=1&query=ChIJqdO6PACZ4jARPsmRMJG9iWM&query_place_id=ChIJqdO6PACZ4jARPsmRMJG9iWM","Activity","","Orm visited Jurassic World theme park
Orm 造訪侏羅紀公園主題樂園

https://www.instagram.com/p/DNhAcK_z0FM/","https://maps.app.goo.gl/SThB6uC4zygrANNY7","Threads","Published","13.7043600","100.5021910","🎯","jurassic-world-the-experience-bangkok"
"KAEW BOUTIQUE","KAEW BOUTIQUE 精品店","","https://www.google.com/maps/search/?api=1&query=KAEW+BOUTIQUE+Bangkok","Shopping","","鄺鄺愛吃

Ref:
https://www.threads.com/@tunpopinuk/post/DQpt6e1jNz6","https://maps.app.goo.gl/SThB6uC4zygrANNY7
https://www.onebangkok.com/en/location/
https://www.openstreetmap.org/way/608350816","Threads","Published","13.7270900","100.5472800","🛍","kaew-boutique"
"Kanom-Jaoka X ZEPHYR","Kanom-Jaoka X ZEPHYR 甜點店","","https://www.google.com/maps/search/?api=1&query=Kanom-Jaoka+X+ZEPHYR+28+Soi+Mu+Ban+Suan+Non+Ville%2C+Bang+Rak+Noi%2C+Mueang+Nonthaburi+11000","Restaurant","","鄺鄺說好吃的爆米花
Lingling recommended pop rice (not pop corn)","https://maps.app.goo.gl/SThB6uC4zygrANNY7","Threads","Published","13.8798280","100.4587080","🍽","kanom-jaoka-x-zephyr"
"Kanom Krok Wang Lang (Thai Coconut Pancake)","Wang Lang 椰子煎餅","ขนมครกนายภา","https://www.google.com/maps/search/?api=1&query=ChIJzZRB_aCZ4jARnJt1YoJSPfE&query_place_id=ChIJzZRB_aCZ4jARnJt1YoJSPfE","Street Food","","椰子煎餅攤","https://maps.app.goo.gl/SThB6uC4zygrANNY7","Threads","Published","13.7560940","100.4858060","🍢","kanom-krok-wang-lang-thai-coconut-pancake"
"KAO PIAK SEN BKK","KAO PIAK SEN BKK 越南餐廳","ข้าวเปียกเส้น BKK","https://www.google.com/maps/place/Kao+Piak+Sen+Gaysorn+Amarin+Vietnamese+Food+%E0%B8%A3%E0%B9%89%E0%B8%B2%E0%B8%99%E0%B8%82%E0%B9%89%E0%B8%B2%E0%B8%A7%E0%B9%80%E0%B8%9B%E0%B8%B5%E0%B8%A2%E0%B8%81%E0%B9%80%E0%B8%AA%E0%B9%89%E0%B8%99+%E0%B9%80%E0%B8%81%E0%B8%A9%E0%B8%A3+%E0%B8%AD%E0%B8%B1%E0%B8%A1%E0%B8%A3%E0%B8%B4%E0%B8%99%E0%B8%97%E0%B8%A3%E0%B9%8C/@13.7436535,100.5413896,17z/data=!3m1!4b1!4m6!3m5!1s0x30e29f0058d7fe25:0x56b4d025b871a67c!8m2!3d13.7436535!4d100.5413896!16s%2Fg%2F11w2b4dv9_?entry=ttu&g_ep=EgoyMDI2MDcxNS4wIKXMDSoASAFQAw%3D%3D","Restaurant","Vietnamese restaurant at Amarin Tower G floor, right corner. Online reservations available. Cozy atmosphere with attentive service. Recommended: chicken skewers, Vietnamese rice cake with fish floss topping. Beef salad bowl not recommended.","在 Amarin Tower G樓右側角落，可以提前網路預約。店裡氛圍舒服、服務態度好。同款：雞肉串、越南碗糕；牛肉沙拉碗較不推薦。
LingOrm 在 Taew 的越南餐廳聊天訪談
LingOrm at Taew's Vietnam restaurant
https://youtu.be/kXPn5Ch2Jv8?si=-l7LshYEiwgBVhvD","https://www.threads.com/@ddding._.dong/post/DMNK2DoxybR","Threads","Published","13.7436535","100.5413896","🍜","kao-piak-sen-bkk"
"Kate Teaw Boat Noodles Siam Square Soi 3","ข้ามันบ้านนอก by บ้านนอกคอกนาเขาใหญ่","เกศเตี๋ยว ก๋วยเตี๋ยวเรือ - สยามสแควร์ซอย 3 ","https://www.google.com/maps/place/เกศเตี๋ยว+ก๋วยเตี๋ยวเรือ+-+สยามสแควร์ซอย+3+(Kate+Teaw+Boat+Noodles+Siam+Square+Soi+3)/data=!4m2!3m1!1s0x30e29ffd0f2d987f:0xdcebc0dbef9b4c71?sa=X&ved=1t:242&ictx=111","Restaurant","","LingOrm visited this restaurant
https://www.instagram.com/reel/DE_kq6IS8xf/","https://maps.app.goo.gl/SThB6uC4zygrANNY7","Threads","Published","13.7449514","100.5328839","🍽","kate-teaw-boat-noodles-siam-square-soi-3"
"Kateteaw Boat Noodles","船麵","เกศเตี๋ยว","https://maps.app.goo.gl/cSoLnAiy3ubXyMx99","Restaurant","Boat noodles with a slight herbal flavour. Multiple bowl sizes available (smallest ~฿29). Good for a light portion when you want to keep room for other spots. ✓ Visited.","有點草藥味，是好吃的船麵；有多種大小可以選，最小碗約฿29，適合想留胃給其他點時去。","https://www.threads.com/@ddding._.dong/post/DMNK2DoxybR","Threads","Published","13.7449510","100.5328840","🍜","kateteaw-boat-noodles"
"Khao Yai National Park","考艾國家公園","อุทยานแห่งชาติเขาใหญ่","https://www.google.com/maps/place/%E8%80%83%E8%89%BE%E5%9C%8B%E5%AE%B6%E5%85%AC%E5%9C%92/@14.3109229,101.5304415,17z/data=!3m1!4b1!4m6!3m5!1s0x311c2a495f2143d7:0x14b500fc4f22bfc!8m2!3d14.3109229!4d101.5304415!16zL20vMDNtMzhm?entry=ttu&g_ep=EgoyMDI2MDcxNS4wIKXMDSoASAFQAw%3D%3D","Nature / Day-trip","Thailand's first national park & UNESCO World Heritage; ~2.5 hrs from Bangkok. Lingorm visited; KKday recommends a guided tour for bat caves, waterfalls, wildlife (deer, monkeys, elephants).","泰國第一座國家公園，也是 UNESCO 世界遺產，距曼谷約 2.5 小時車程。玲玲曾到訪；KKday 建議參加導覽行程探索蝙蝠洞、瀑布與野生動物。","https://www.kkday.com/zh-hk/blog/111889/lingorm-bangkok-itinerary-attractions-guide","KKday","Published","14.3109229","101.5304415","🌿","khao-yai-national-park"
"Khlong Bang Luang Floating Market","空邦鑾水上市場","ตลาดชุมชนคลองบางหลวง / ตลาดน้ำคลองบางหลวง","https://www.google.com/maps/search?api=1&query=Khlong+Bang+Luang+Floating+Market&query_place_id=ChIJ3Wo3vEmY4jARGLbFN8BC7Yc","Shopping","Canalside market and historic community in Phasi Charoen, with galleries, cafes, craft stalls and souvenir shops. The supplied Threads video shows Ling and Orm walking through the market.","位於曼谷 Phasi Charoen 的運河畔市場與老社區，沿岸有畫廊、咖啡、手作攤位及紀念品店。來源 Threads 影片可見 Ling 與 Orm 在市場內同行。","https://www.threads.com/@bbonfft/post/Da502b9kyAZ, https://www.thailandtravel.or.jp/khlong-bang-luang-floating-market-khlong-bang-luang-artist-house, https://www.openstreetmap.org/way/1270934034","Threads","Published","13.7304234","100.4637539","🛍","khlong-bang-luang-floating-market"
"ประตูมอดินแดง (Khon Kaen University Gate)","孔敬大學莫丁登門","","https://www.google.com/maps/place/%E0%B8%9B%E0%B8%A3%E0%B8%B0%E0%B8%95%E0%B8%B9%E0%B8%A1%E0%B8%AD%E0%B8%94%E0%B8%B4%E0%B8%99%E0%B9%81%E0%B8%94%E0%B8%87/@16.4760605,102.8325272,17z/data=!3m1!4b1!4m6!3m5!1s0x31228af24920deb9:0x6dda95ac91df191f!8m2!3d16.4760605!4d102.8325272!16s%2Fg%2F1hc6_l2st?entry=ttu&g_ep=EgoyMDI2MDcxNS4wIKXMDSoASAFQAw%3D%3D","Neighbourhood","","孔敬大學校門牌 Khon Kaen University","https://www.threads.com/@karenting1107/post/DZSOQgxAUr1","Threads","Published","16.4760600","102.8325270","🏘️","khon-kaen-university-gate"
"Koh Samui pin","蘇梅島踩點","","https://www.google.com/maps/place/9%C2%B031'58.4%22N+100%C2%B004'08.2%22E/@-9.2502959,-11.3378062,3z/data=!4m4!3m3!8m2!3d9.5328889!4d100.0689444?entry=tts&g_ep=EgoyMDI2MDcxNS4wIPu8ASoASAFQAw%3D%3D&skid=e5e29638-b89c-4982-b83a-956ff66d1e18","Neighbourhood","","蘇梅島三天兩夜 - 🌴 椰子樹拍照點 Koh Samui 3 days trip - 🌴 Coconut Tree photo scene https://www.threads.com/@___epoh___/post/DSAM_XEGBLH","https://maps.app.goo.gl/SThB6uC4zygrANNY7","Threads","Published","-9.2502959","-11.3378062","🏘️","koh-samui-pin"
"kokoa - ice cream & coffee artisans (SALA)","kokoa 冰淇淋咖啡（SALA）","","https://www.google.com/maps/place/kokoa+-+ice+cream+%26+coffee+artisans+(SALA)/@9.5378992,100.0695301,17z/data=!3m1!4b1!4m6!3m5!1s0x3054f1c5cce1cffb:0x551ae4cab42cba1a!8m2!3d9.5378992!4d100.0695301!16s%2Fg%2F11tk8p5jc6?entry=ttu&g_ep=EgoyMDI2MDcxNS4wIKXMDSoASAFQAw%3D%3D","Cafe","","蘇梅島三天兩夜 - Orm 吃的冰棒
Koh Samui 3 days trip - Orm tried the popsicles

https://www.threads.com/@___epoh___/post/DSAM_XEGBLH","https://maps.app.goo.gl/SThB6uC4zygrANNY7","Threads","Published","9.5379030","100.0695230","☕","kokoa-ice-cream-coffee-artisans-sala"
"Kolun.h","Kolun.h","ขนมจีนไหหลำโกหลุ่น","https://www.google.com/maps/place/%E6%B5%B7%E5%8D%97%E6%8A%B1%E7%BE%85%E7%B2%89/@13.7535363,100.4999961,17z/data=!3m1!4b1!4m6!3m5!1s0x30e29913ddb0e401:0x92e85755c46b460e!8m2!3d13.7535363!4d100.4999961!16s%2Fg%2F1s04fp0g7?entry=ttu&g_ep=EgoyMDI2MDcxNS4wIKXMDSoASAFQAw%3D%3D","Restaurant","","身為LingOrm粉絲的我，肯定要跟著偶像的腳步吃美食，看到LingLing Kwong 2023年的IG貼文，就覺得這家肯定好吃😋，所以此趟泰國旅行，我也安排前往用餐，還給店家小弟弟看了00當初所點的餐點，他非常的驚訝與驚喜原來00K有到過他們的餐廳用餐。
酥皮燒肉非常的酥脆可口、粉條非常的Q彈美味、湯頭非常的味美，加上他們自製的蝦醬辣椒，味道更加提升，超級好吃😋，推薦大家有機會也可以嚐嚐看喔。

#2026年04月06日用餐","https://maps.app.goo.gl/YdwQm3iPQfp6htLh6","Threads","Published","13.7535363","100.4999961","🍽","kolun-h"
"Kwong Kee Roast - 鄺記","鄺記燒臘","","https://www.google.com/maps/place/Kwong+Kee+Roast+-+%E9%84%BA%E8%A8%98/@13.7351929,100.5274694,17z/data=!3m1!4b1!4m6!3m5!1s0x30e29905583b6c4f:0x836f30f60865c98b!8m2!3d13.7351929!4d100.5274694!16s%2Fg%2F11yhb1hm87?entry=ttu&g_ep=EgoyMDI2MDcxNS4wIKXMDSoASAFQAw%3D%3D","Restaurant","","","https://maps.app.goo.gl/SThB6uC4zygrANNY7","Threads","Published","13.7351929","100.5274694","🍽","kwong-kee-roast"
"Lobster City","Lobster City 龍蝦城","","https://www.google.com/maps/search/?api=1&query=Lobster+City+Bangkok","Restaurant","Famous for high-value shrimp rice; KKday notes long queues—arrive early or off-peak. Lingorm-adjacent recommendation.","以高 CP 值蝦肉飯聞名；KKday 提醒常需排隊，建議提早或離峰前往。屬玲玲相關推薦。","https://www.kkday.com/zh-hk/blog/111889/lingorm-bangkok-itinerary-attractions-guide","KKday","Published","13.7400000","100.5223000","🦐","lobster-city"
"Maison Charoenkrung","Maison Charoenkrung 精品店","","https://www.google.com/maps/place/Maison+CHAROENKRUNG/@13.7283825,100.5143683,17z/data=!3m1!4b1!4m6!3m5!1s0x30e2995d74e632d9:0x698596960d5621a1!8m2!3d13.7283825!4d100.5143683!16s%2Fg%2F11k51rln8r?entry=ttu&g_ep=EgoyMDI2MDcxNS4wIKXMDSoASAFQAw%3D%3D","Shopping","Boutique clothing store on Charoenkrung road; Lingorm-associated fashion brand/store, per @nightviper74 comment (possible P'Korn brand context).","位於 Charoenkrung 路的服飾精品店；根據 @nightviper74 留言，與 Lingorm 相關穿搭／品牌脈絡有關。","https://www.threads.com/@nightviper74/post/DId7paOJUKp","Threads","Published","13.7283825","100.5143683","👗","maison-charoenkrung"
"Mil Toast House (EmQuartier)","Mil Toast House（小奧同款，EmQuartier）","Mil Toast House","https://www.google.com/maps/place/Mil+Toast+House+-+The+EmQuartier/@13.7319803,100.5697512,17z/data=!3m1!4b1!4m6!3m5!1s0x30e29f057dc9bf89:0x7b1a6d7d7d6eca9e!8m2!3d13.7319803!4d100.5697512!16s%2Fg%2F11k4sv1c2s?entry=ttu&g_ep=EgoyMDI2MDcxNS4wIKXMDSoASAFQAw%3D%3D","Cafe","Upscale toast café — Xiao Ao's location (EmQuartier branch). Pricey. Didn't visit this trip. To visit. Recommended: Cereal Toast, Strawberry Toast Stick.","小奧的是這家（EmQuartier），偏貴的吐司系咖啡廳，這次沒有排到下次要去！同款：Cereal Toast、Strawberry Toast Stick","https://www.threads.com/@ddding._.dong/post/DMNK2DoxybR","Threads","Published","13.7319803","100.5697512","🍞","mil-toast-house-emquartier"
"Mil Toast House (Siam branch)","Mil Toast House（鄺鄺和junji同款）","Mil Toast House","https://www.google.com/maps/place/Mil+Toast+House+-+Siam+Square+Soi+3/@13.7448695,100.5329195,17z/data=!3m1!4b1!4m6!3m5!1s0x30e29f9208f309c7:0xf21a132a4456c847!8m2!3d13.7448695!4d100.5329195!16s%2Fg%2F11n85bhyc7?entry=ttu&g_ep=EgoyMDI2MDcxNS4wIKXMDSoASAFQAw%3D%3D","Cafe","Upscale toast café — Kwan (鄺) and Junji's location. Pricey. Didn't visit this trip. To visit. Recommended: Cereal Toast, Strawberry Toast Stick.","鄺鄺和junji的應該是這家，偏貴的吐司系咖啡廳，這次沒有排到下次要去！同款：Cereal Toast、Strawberry Toast Stick","https://www.threads.com/@ddding._.dong/post/DMNK2DoxybR","Threads","Published","13.7448695","100.5329195","🍞","mil-toast-house-siam-branch"
"Ministry of Crab Bangkok","曼谷蟹之省","","https://maps.app.goo.gl/jHuCSWTM1XnuAb2P9","Restaurant","Famous for Sri Lankan giant crab (multiple sizes incl. 'OMG Size'); Lingorm featured in KKday luxury segment. Busy—reserve ahead.","斯里蘭卡巨蟹名店，提供多種尺寸包含「OMG Size」；出現在 KKday 玲玲奢華行程中。人氣高，建議提前訂位。","https://www.kkday.com/zh-hk/blog/111889/lingorm-bangkok-itinerary-attractions-guide","KKday","Published","13.7360000","100.5666000","🦀","ministry-of-crab-bangkok"
"Nai Uan Yentafo @ Amarin","Nai Uan 粉紅麵（Amarin）","นายอ๋วน เย็นตาโฟ","https://maps.app.goo.gl/R9qneM6JiMYHs5J17","Restaurant","Yen ta fo (pink noodles) shop at Amarin Plaza area; fermented-tofu broth (豆腐乳). 00K's (Kling) favourite. Confirmed name via Google Maps.","位於 Amarin 商圈的粉紅色豆腐乳湯底麵店（เย็นตาโฟ），為 00K（Kling）最愛，店名已確認。","https://www.threads.com/@my_go_go_d/post/DDVt-bayjvt","Threads","Published","13.7436535","100.5413896","🍜","nai-uan-yentafo-amarin"
"Ngon Restaurant","Ngon 越南餐廳","","https://www.google.com/maps/place/Ngon+Restaurant/@10.777481,106.6993877,17z/data=!3m1!4b1!4m6!3m5!1s0x31752f48d88c3da3:0xbd0b6eeb085c542c!8m2!3d10.777481!4d106.6993877!16s%2Fg%2F1tyzwh69?entry=ttu&g_ep=EgoyMDI2MDcxNS4wIKXMDSoASAFQAw%3D%3D","Restaurant","","LingOrm 與團隊2025 兩次越南 FM 都造訪的餐廳
LingOrm and the team visited twice when having Fan Meeting in Vietnam in 2025.

https://www.threads.com/@___epoh___/post/DSNokJcEmSS","https://maps.app.goo.gl/SThB6uC4zygrANNY7","Threads","Published","10.7774810","106.6993880","🍽","ngon-restaurant"
"Nice Two Meat You","韓式烤肉店","Nice Two Meat U","https://www.google.com/maps/place/Nice+Two+Meat+U/@13.7452351,100.5330353,17z/data=!4m14!1m7!3m6!1s0x30e29932e264760d:0x342b2105a005afc9!2sNice+Two+Meat+U!8m2!3d13.7452351!4d100.5330353!16s%2Fg%2F11c6zws489!3m5!1s0x30e29932e264760d:0x342b2105a005afc9!8m2!3d13.7452351!4d100.5330353!16s%2Fg%2F11c6zws489?entry=ttu&g_ep=EgoyMDI2MDcxNS4wIKXMDSoASAFQAw%3D%3D","Restaurant","Korean BBQ restaurant. Venue for the LingOrm public fan event. Mixed online reviews — didn't dine in. Visited for photos outside only.","公開活動的那間韓式烤肉店；因為看到評價較兩極，這次只去外面拍照打卡。","https://www.threads.com/@ddding._.dong/post/DMNK2DoxybR, https://hk.trip.com/moments/detail/bangkok-191-126551489/","Threads, Trip.com","Published","13.7452351","100.5330353","🥩","nice-two-meat-you"
"Oh! Juice","Oh! Juice 鮮果汁","โอ้ จู๊ซ เซ็นทรัลเวิล์ด","https://www.google.com/maps/place/Oh!+Juice+centralwOrld/@13.7449861,100.5396736,17z/data=!3m1!4b1!4m6!3m5!1s0x30e29f2beda177d3:0x93a1c7b982e0cf00!8m2!3d13.7449861!4d100.5396736!16s%2Fg%2F11w33m26lp?entry=ttu&g_ep=EgoyMDI2MDcxNS4wIKXMDSoASAFQAw%3D%3D","Beverages","Fresh-juice shop; Lingorm ordered 'Ocean N Earth' (avocado + coconut + banana, 280–340 THB). KKday lists as fan pilgrimage. Same as '狗豬 drink' referenced in @my_go_go_d.","鮮果汁店；玲玲點過「Ocean N Earth」（牛油果、椰子、香蕉），價格約 280–340 泰銖。KKday 將其列為粉絲朝聖點，與 @my_go_go_d 提到的「狗豬 drink」為同一地點。","https://www.kkday.com/zh-hk/blog/111889/lingorm-bangkok-itinerary-attractions-guide, https://www.threads.com/@my_go_go_d/post/DDVt-bayjvt","KKday, Threads","Published","13.7449861","100.5396736","🥤","oh-juice"
"Owl cafe Bangkok","Owl Cafe 曼谷","","https://www.google.com/maps/place/Owl+cafe+Bangkok/@13.7411256,100.5227504,17z/data=!3m1!4b1!4m6!3m5!1s0x30e2990032bd6c69:0x69472b7d7e8180a6!8m2!3d13.7411256!4d100.5227504!16s%2Fg%2F11ytxg0qj5?entry=ttu&g_ep=EgoyMDI2MDcxNS4wIKXMDSoASAFQAw%3D%3D","Cafe","","Orm visited

Ref: Orm’s reels, https://www.threads.com/@___epoh___/post/DYCvvpkGNLy","https://maps.app.goo.gl/SThB6uC4zygrANNY7","Threads","Published","13.7411256","100.5227504","☕","owl-cafe-bangkok"
"Pan Pan Italian Restaurant","Pan Pan 義大利餐廳","ร้านอาหารอิตาเลียน Pan Pan","https://www.google.com/maps/place/Pan+Pan+Italian+Restaurant/@12.8761163,100.9059953,12.54z/data=!4m6!3m5!1s0x31029660ba10780b:0xeacc1647157ec284!8m2!3d12.9050672!4d100.8689639!16s%2Fg%2F1tfskfxg?entry=ttu&g_ep=EgoyMDI2MDcxNS4wIKXMDSoASAFQAw%3D%3D","Restaurant","Orm's favorite Italian restaurant when she was a child","Orm 小時候很喜歡的義大利餐廳","https://maps.app.goo.gl/SThB6uC4zygrANNY7","Threads","Published","12.9050672","100.8689639","🍽","pan-pan-italian-restaurant"
"Paragon Department Store","Paragon 百貨","ห้างสรรพสินค้าพารากอน","https://www.google.com/maps/place/Paragon+Department+Store/@13.7479835,100.5326363,16.1z/data=!4m6!3m5!1s0x30e29f35b1e15d5d:0x8e348cb339c34002!8m2!3d13.7470782!4d100.5353086!16s%2Fg%2F11j8z7fx2v?entry=ttu&g_ep=EgoyMDI2MDcxNS4wIKXMDSoASAFQAw%3D%3D","Shopping","","Haus64 @ 4F","https://maps.app.goo.gl/SThB6uC4zygrANNY7","Threads","Published","13.7479835","100.5326363","🛍","paragon-department-store"
"PLANTIFUL on Sukhumvit 61","PLANTIFUL 植物系咖啡餐廳（Sukhumvit 61）","","https://www.google.com/maps/place/PLANTIFUL+on+Sukhumvit+61/@13.7250294,100.5833889,17z/data=!3m1!4b1!4m6!3m5!1s0x30e29ffef1a393f5:0x88c6d9a71ca8f243!8m2!3d13.7250294!4d100.5833889!16s%2Fg%2F11jgz90nbl?entry=ttu&g_ep=EgoyMDI2MDcxNS4wIKXMDSoASAFQAw%3D%3D","Cafe","Plant-based cafe at 27 Sukhumvit 61 serving food, juice and coffee. The supplied Threads post says Orm shared its drinks on Instagram Stories and recommends showing staff the photos to order the blue and brown smoothies.","位於 Sukhumvit 61 的植物系咖啡餐廳，供應植物性餐點、果汁與咖啡。來源 Threads 指出小奧曾在限時動態分享店內飲料，建議出示照片點藍色與咖啡色奶昔。","https://www.threads.com/@ddding._.dong/post/DMNZGbHvpgk, https://www.plantifulbkk.com/, https://www.openstreetmap.org/node/11789621369","Threads","Published","13.7250381","100.5832247","☕","plantiful-sukhumvit-61"
"Prannok","พรานนก／Prannok 街區","","https://www.google.com/maps/search/?api=1&query=Prannok+Siriraj%2C+Bangkok+Noi%2C+Bangkok+10700","Neighbourhood","","Parnnok 碼頭
Parnnok Pier","https://maps.app.goo.gl/SThB6uC4zygrANNY7","Threads","Published","13.7560132","100.4868130","🏘️","prannok"
"Prasit Pochana","Prasit Pochana 餐廳","ร้านประสิทธิ์โภชนา","https://www.google.com/maps/search/?api=1&query=Prasit+Pochana+4+Na+Mueang+Rd%2C+Nai+Mueang%2C+Mueang+Khon+Kaen+District%2C+Khon+Kaen+40000","Restaurant","","Prasit (ประสิทธิ์) ── 米其林指南推薦 料理風格：道地伊桑在地小吃 特色：如果想體驗最道地、深受本地人喜愛的重口味依善美食，這家老店是不二之選。這裡以辛辣過癮的青木瓜沙拉（Som Tum）、香氣四溢的東北烤肉和各式現做小吃聞名。 Tips：店內多以煮熟的熟食、烤物與經典沙拉為主，非常適合想要朝聖正宗東北風辣度的饕客。","https://maps.app.goo.gl/SThB6uC4zygrANNY7","Threads","Published","16.4342530","102.8333790","🍽","prasit-pochana"
"R Bar","R Bar","","https://www.google.com/maps/place/R+Bar+at+Renaissance+Bangkok+Ratchaprasong+Hotel/@13.7425439,100.5420624,17z/data=!3m1!4b1!4m6!3m5!1s0x30e29eda8b48bd97:0x4d4ca341c05281b3!8m2!3d13.7425439!4d100.5420624!16s%2Fg%2F11j8lzbkly?entry=ttu&g_ep=EgoyMDI2MDcxNS4wIKXMDSoASAFQAw%3D%3D","Bar / Rooftop Club","R Bar at Renaissance Hotel
(TSOU Fahlasa drunk scene)","我們的秘密 法拉達酒醉場景
R Bar at Renaissance Hotel
(TSOU Fahlasa drunk scene)","https://www.douban.com/group/topic/311908182/","Douban","Published","13.7425439","100.5420624","🍸","r-bar"
"Renaissance Bangkok Ratchaprasong Hotel","曼谷拉差帕頌文藝復興酒店","โรงแรมเรเนซองส์ กรุงเทพ รัชดาประสงค์","https://maps.app.goo.gl/K7BJuJ3jZyMFV3v9A","Hotel","Hotel bar featured as a filming location in TSOU. To visit.","TSOU拍攝酒吧，待打卡，有機會要去！","https://www.threads.com/@ddding._.dong/post/DMNK2DoxybR","Threads","Published","13.7443000","100.5410000","🏨","renaissance-bangkok-ratchaprasong-hotel"
"Royal Osha","Royal Osha 泰國料理","","https://www.google.com/maps/place/Royal+Osha/@13.7345077,100.5462202,17z/data=!3m1!4b1!4m6!3m5!1s0x30e29ed8abc16a1f:0x9e70b41b1fe24ada!8m2!3d13.7345077!4d100.5462202!16s%2Fg%2F11b77yr1qx?entry=ttu&g_ep=EgoyMDI2MDcxNS4wIKXMDSoASAFQAw%3D%3D","Restaurant","","LingOrm visited, Orm’s reels
Ref: https://www.threads.com/@___epoh___/post/DYK4FpIk7TJ","https://maps.app.goo.gl/SThB6uC4zygrANNY7, https://www.threads.com/@___epoh___/post/DYK4FpIk7TJ","Threads","Published","13.7345077","100.5462202","🍽","royal-osha"
"Sabienglae, Bang Rak Beach","Sabienglae（Bang Rak Beach）","เสบียงเล หาดบางรักษ์","https://www.google.com/maps/place/Sabienglae,+Bang+Rak+Beach/@9.5582458,100.0558643,17z/data=!3m1!4b1!4m6!3m5!1s0x3054f11661978035:0x398755b3992dd4f4!8m2!3d9.5582458!4d100.0558643!16s%2Fg%2F11tt0vypwb?entry=ttu&g_ep=EgoyMDI2MDcxNS4wIKXMDSoASAFQAw%3D%3D","Restaurant","","蘇梅島三天兩夜 - 第三天餐廳 (Dew 慶生)
Koh Samui 3 days trip - Restaurant on third day (Dew's birthday celebration)

https://www.threads.com/@___epoh___/post/DSAM_XEGBLH","https://maps.app.goo.gl/SThB6uC4zygrANNY7","Threads","Published","9.5582560","100.0558830","🍽","sabienglae-bang-rak-beach"
"SALA Samui Chaweng Beach","SALA Samui Chaweng Beach 酒店","ศาลา สมุย เฉวง บีช รีสอร์ท","https://www.google.com/maps/place/SALA+Samui+Chaweng+Beach+Resort/@9.5377821,100.069772,17z/data=!4m10!3m9!1s0x3054f02dfe6c7f01:0x22fbb1860b026efd!5m3!1s2026-11-10!4m1!1i2!8m2!3d9.5377821!4d100.069772!16s%2Fg%2F11cs3c2bff?entry=ttu&g_ep=EgoyMDI2MDcxNS4wIKXMDSoASAFQAw%3D%3D","Hotel","","蘇梅島三天兩夜 - 飯店
Koh Samui 3 days trip - Hotel

https://www.threads.com/@___epoh___/post/DSAM_XEGBLH","https://maps.app.goo.gl/SThB6uC4zygrANNY7","Threads","Published","9.5377820","100.0697720","🏨","sala-samui-chaweng-beach"
"Sam Lor","Sam Lor 餐廳","สามล้อ","https://www.google.com/maps/search/?api=1&query=Sam+Lor+1076+%E0%B8%96.+%E0%B9%80%E0%B8%88%E0%B8%A3%E0%B8%B4%E0%B8%8D%E0%B8%81%E0%B8%A3%E0%B8%B8%E0%B8%87%2C+Bang+Rak%2C+Bangkok+10500","Restaurant","","餐廳對面有 Orm Matter Makers 海報牆","https://www.threads.com/@ych9.5.3.1/post/DQKGS1YiUcY","Threads","Published","13.7302500","100.5155560","🍽","sam-lor"
"SEKI OMAKASE (Siam Paragon)","Seki 無菜單料理","","https://www.google.com/maps/place/SEKI+OMAKASE+(Siam+Paragon)/@13.7459022,100.5348384,17z/data=!3m1!4b1!4m6!3m5!1s0x30e29f459b947439:0x5a2ad269b1ccca8!8m2!3d13.7459022!4d100.5348384!16s%2Fg%2F11x8hbmc67?entry=ttu&g_ep=EgoyMDI2MDcxNS4wIKXMDSoASAFQAw%3D%3D","Restaurant","Japanese omakase restaurant; on @nightviper74's Lingorm-inspired Bangkok wishlist. Verify current operations.","日本無菜單料理餐廳；出現在 @nightviper74 的 Lingorm 風格曼谷願望清單中。前往前請確認營業狀態。","https://www.threads.com/@nightviper74/post/DId7paOJUKp","Threads","Published","13.7459022","100.5348384","🍣","seki-omakase"
"Shell Asoke V-Power Station","Shell Asoke V-Power 加油站","เชลล์อโศก ศิวเศรษฐี","https://www.google.com/maps?q=PHV6+6XM+Shell+SivasetThee+-+Asoke+V-power+Station,+Asok+Montri+Rd,+Khlong+Toei+Nuea,+Watthana,+Bangkok+10110%E6%B3%B0%E5%9C%8B&ftid=0x30e29ee5409ee0f7:0x28ad128f32adaf7&entry=gps&lucs=,94284487,94224825,94227247,94227248,94231188,94280568,47071704,94266210,47069508,94218641,94282134,94203019,47084304&g_ep=CAISEjI1LjQyLjEuODE4NTg2NzMyMBgAIIgnKnUsOTQyODQ0ODcsOTQyMjQ4MjUsOTQyMjcyNDcsOTQyMjcyNDgsOTQyMzExODgsOTQyODA1NjgsNDcwNzE3MDQsOTQyNjYyMTAsNDcwNjk1MDgsOTQyMTg2NDEsOTQyODIxMzQsOTQyMDMwMTksNDcwODQzMDRCAlRX&skid=f5546b08-659a-4618-937e-1b3ecca98018&g_st=ipc","Other","","Orm 家煎蛋捲 Shell cafe X Sethachon
Orm family's omelette, Shell cafe X Sethachon

Ref:
https://www.threads.com/@wei_511527/post/DQJcHaukdzh","https://www.threads.com/@wei_511527/post/DQJcHaukdzh","Threads","Published","13.7431340","100.5624120","🔖","shell-asoke-v-power-station"
"Shibainu Story (Farm & Cafe)","Shibainu Story 柴犬農場咖啡","","https://www.google.com/maps/place/Shibainu+Story+(Farm+%26+Cafe)/@13.7418469,100.524093,17z/data=!3m1!4b1!4m6!3m5!1s0x311d5f0f96fb12f9:0xba91dab11d65cbdb!8m2!3d13.7418469!4d100.524093!16s%2Fg%2F11vfbkmssv?entry=ttu&g_ep=EgoyMDI2MDcxNS4wIKXMDSoASAFQAw%3D%3D","Cafe","","Orm 被柴柴包圍的咖啡廳
Where Orm surrounded by Shiba Inu

https://www.instagram.com/p/DP1PYaQgZWr/","https://maps.app.goo.gl/SThB6uC4zygrANNY7","Threads","Published","13.7418470","100.5240930","☕","shibainu-story-farm-cafe"
"Shiro-i Omakase","Shiro-i Omakase","ชิโรอิ โอมากาเสะ","https://www.google.com/maps/search/?api=1&query=Shiro-i+Omakase+Bangkok","Restaurant","","Lingling visited","https://maps.app.goo.gl/SThB6uC4zygrANNY7","Threads","Published","13.7354909","100.5245245","🍽","shiro-i-omakase"
"SkyRise Adventures","SkyRise 高空歷險","LO 無關的地點，但我想去","https://www.google.com/maps/place/SkyRise+Adventures+-+Central+Westville/@13.8060053,100.4489456,17z/data=!3m1!4b1!4m6!3m5!1s0x30e29b9eab0fd35b:0xda69ae4858383e28!8m2!3d13.8060053!4d100.4489456!16s%2Fg%2F11vjl5llzd?entry=ttu&g_ep=EgoyMDI2MDcxNS4wIKXMDSoASAFQAw%3D%3D","Activity","High-altitude rope-course and adventure park on top of Central Westville mall. KKday recommended for thrill-seekers.","位於 Central Westville 商場頂樓的高空繩索／冒險設施。KKday 推薦給喜歡刺激活動的人。","https://www.kkday.com/zh-hk/blog/111889/lingorm-bangkok-itinerary-attractions-guide","KKday","Published","13.8060053","100.4489456","🧗","skyrise-adventures"
"Smith & Co. (Chidlom)","Smith & Co.（Chidlom）","","https://www.google.com/maps/place/Smith+%26+Co.+(Chidlom)/@13.7431515,100.5438891,17z/data=!3m1!4b1!4m6!3m5!1s0x30e29f18798f789b:0x32390efa4fbe62f!8m2!3d13.7431515!4d100.5438891!16s%2Fg%2F11l2250m6j?entry=ttu&g_ep=EgoyMDI2MDcxNS4wIKXMDSoASAFQAw%3D%3D","Restaurant","","Lingling visited (IG posted)","https://maps.app.goo.gl/SThB6uC4zygrANNY7","Threads","Published","13.7431515","100.5438891","🍽","smith-co-chidlom"
"Somtam Nua","Somtam Nua 青木瓜沙拉","ส้มตำนัว","https://www.google.com/maps/place/Somtam+Nua/@13.7444073,100.5342979,17z/data=!3m1!4b1!4m6!3m5!1s0x30e299d798dd987b:0xb0fdd04ebf73637!8m2!3d13.7444073!4d100.5342979!16s%2Fg%2F11g1kmy724?entry=ttu&g_ep=EgoyMDI2MDcxNS4wIKXMDSoASAFQAw%3D%3D","Restaurant","","Orm visited","https://maps.app.goo.gl/SThB6uC4zygrANNY7","Threads","Published","13.7455620","100.5326970","🍽","somtam-nua"
"Sook Sabai Onsen & Spa","舒適泰日式溫泉 Spa","","https://www.google.com/maps/search/?api=1&query=Sook+Sabai+Onsen+Spa+Bangkok","Spa","Japanese onsen + Thai massage; private rooms for solo/couples. Lingorm's relaxation pick in KKday luxury segment.","結合日式溫泉與泰式按摩，提供單人／雙人私人房。出現在 KKday 玲玲奢華行程的放鬆環節。","https://www.kkday.com/zh-hk/blog/111889/lingorm-bangkok-itinerary-attractions-guide","KKday","Published","13.7300000","100.5620000","♨️","sook-sabai-onsen-spa"
"Sourcream Factory @ PARC Bangna","Sourcream Factory（PARC Bangna）","","https://www.google.com/maps/place/Sourcream+Factory+@+PARC+Bangna/@13.6670623,100.6475064,17z/data=!4m6!3m5!1s0x311d5fcbdc725425:0x46376175232bcad1!8m2!3d13.6670623!4d100.6475064!16s%2Fg%2F11z0106319?entry=ttu&g_ep=EgoyMDI2MDcxNS4wIKXMDSoASAFQAw%3D%3D","Restaurant","","Ling like it, CH3 X

Ref: https://www.threads.com/@___epoh___/post/DYK4FpIk7TJ","https://maps.app.goo.gl/SThB6uC4zygrANNY7, https://www.threads.com/@___epoh___/post/DYK4FpIk7TJ","Threads","Published","13.6670623","100.6475064","🍽","sourcream-factory-parc-bangna"
"Such A Small World","Such A Small World","Such A Small World","https://www.google.com/maps/place/Such+A+Small+World/@13.7320603,100.5149988,17z/data=!3m1!4b1!4m6!3m5!1s0x30e299c6fddc9a35:0x1cf975ee51ad3a7b!8m2!3d13.7320603!4d100.5149988!16s%2Fg%2F11vj90frth?entry=ttu&g_ep=EgoyMDI2MDcxNS4wIKXMDSoASAFQAw%3D%3D","Cafe","Concept café where Kwan (MIRROR member 鄺) shot AW concept photos. Cozy atmosphere — entry with a drink purchase. Can read, watch movies, or borrow board games/game consoles. Transparent photo booth on site (~฿165/print). Original Kwan photo prints on display inside. ✓ Visited.","鄺拍AW概念照的咖啡廳。氛圍舒服，消費飲品就可找位置看小說、看電影，也可借桌遊和遊戲機。現場有同款透明拍貼機約฿165一張，進門可看到鄺拍的原件。","https://www.threads.com/@ddding._.dong/post/DMNK2DoxybR","Threads","Published","13.7320600","100.5149990","📷","such-a-small-world"
"Sushi Ichizu 鮨いちづ","Sushi Ichizu 鮨いちづ","","https://www.google.com/maps/place/Sushi+Ichizu+%E9%AE%A8%E3%81%84%E3%81%A1%E3%81%A5/@13.7470255,100.5726799,17z/data=!3m1!4b1!4m6!3m5!1s0x30e29ef7b110125b:0x33308a217e587663!8m2!3d13.7470255!4d100.5726799!16s%2Fg%2F11fxzlfdwn?entry=ttu&g_ep=EgoyMDI2MDcxNS4wIKXMDSoASAFQAw%3D%3D","Restaurant","","Lingling visited","https://maps.app.goo.gl/SThB6uC4zygrANNY7","Threads","Published","13.7470255","100.5726799","🍽","sushi-ichizu"
"32Bar X","Talat Noi 老街區","","https://www.google.com/maps/place/32Bar+X/@13.7339194,100.5121139,17z/data=!3m1!4b1!4m6!3m5!1s0x30e299ac1f9d4159:0xd1e4abbc863a5d69!8m2!3d13.7339194!4d100.5121139!16s%2Fg%2F11txf61yv2?entry=ttu&g_ep=EgoyMDI2MDcxNS4wIKXMDSoASAFQAw%3D%3D","Cafe","","Lingorm 喝的32Bar巧克力","https://www.threads.com/@zeewen95/post/DId-eLbzKUp?xmt=AQG0uu6pd3qRdvsq01wgfTTxHVrXGsPbfjGKqSD-K9wpZw","Threads","Published","13.7346704","100.5134411","☕","talat-noi"
"Talat Noi Street Art","塗鴉牆巷子","ตลาดน้อย สตรีทอาร์ต","https://www.google.com/maps/place/Talat+Noi+Street+Art/@13.7329095,100.5127109,17z/data=!3m1!4b1!4m6!3m5!1s0x30e2993e92bcffdd:0x8ad42fb996218abb!8m2!3d13.7329095!4d100.5127109!16s%2Fg%2F11f7ptygdt?entry=ttu&g_ep=EgoyMDI2MDcxNS4wIKXMDSoASAFQAw%3D%3D","Activity","Street art mural alley in the Talat Noi neighbourhood. Featured in Alek's Chinatown exploration. A colourful lane of murals and photos — good for photography. ✓ Visited.","Alek探店系列 - 老城區。就是一條彩繪牆跟照片組成的巷子，適合拍照！","https://www.threads.com/@ddding._.dong/post/DMNK2DoxybR","Threads","Published","13.7329095","100.5127109","🎨","talat-noi-street-art"
"Ternajachob Cafe","Ternajachob 咖啡廳","เทอณาจะชอบ คาเฟ่","https://www.google.com/maps/place/Ternajachob+cafe/@13.7081026,100.6925674,17z/data=!3m1!4b1!4m6!3m5!1s0x311d6106b68594bb:0x3251dad29368363d!8m2!3d13.7081026!4d100.6925674!16s%2Fg%2F11rkg5h6gt?entry=ttu&g_ep=EgoyMDI2MDcxNS4wIKXMDSoASAFQAw%3D%3D","Cafe","TSOU filming location (修羅場 restaurant scene). Far from city center — almost to Suvarnabhumi airport. Beautiful environment, rarely crowded. Fried vermicelli (炒粉絲) ฿175 — highly recommended. Want to try son-in-law eggs next visit. ✓ Visited.","TSOU修羅場餐廳。距離市區蠻遠，都快到素萬那普機場。環境很漂亮，人少好拍。炒粉絲฿175真的好吃，和台灣炒米粉不太一樣；下次想吃女婿蛋。","https://www.threads.com/@ddding._.dong/post/DMNK2DoxybR","Threads","Published","13.7081060","100.6925690","🎬","ternajachob-cafe"
"The Cafe Mookata Ari","The Cafe Mookata Ari 泰式燒烤","","https://www.google.com/maps/place/The+Cafe+Mookata+Ari/@13.7758564,100.5391191,17z/data=!3m1!4b1!4m6!3m5!1s0x30e29fa0d989d81d:0xb2cb51ca2218f621!8m2!3d13.7758564!4d100.5391191!16s%2Fg%2F11q32dq96g?entry=ttu&g_ep=EgoyMDI2MDcxNS4wIKXMDSoASAFQAw%3D%3D","Cafe","","Lingling visited

Ref:https://www.threads.com/@whatslulu/post/DFKJPkSJZlYY","https://maps.app.goo.gl/SThB6uC4zygrANNY7","Threads","Published","13.7758564","100.5391191","☕","the-cafe-mookata-ari"
"The Jungle Club","The Jungle Club","","https://www.google.com/maps/place/The+Jungle+Club/@9.4995777,100.0470524,17z/data=!4m10!3m9!1s0x3054f18fe4e22a25:0x25161192111d1e52!5m3!1s2026-11-10!4m1!1i2!8m2!3d9.4995777!4d100.0470524!16s%2Fg%2F11b6dp0_2t?entry=ttu&g_ep=EgoyMDI2MDcxNS4wIKXMDSoASAFQAw%3D%3D","Nature / Day-trip","","蘇梅島三天兩夜 - 第二天餐廳
Koh Samui 3 days trip - Restaurant on second day","https://www.threads.com/@___epoh___/post/DSAM_XEGBLH","Threads","Published","9.4995780","100.0470520","🌿","the-jungle-club"
"The Siam Hotel","暹羅精品酒店","","https://maps.app.goo.gl/YeBbKXuJT25Nu1zaA","Hotel","Luxury boutique hotel with Art Deco design & private pool villas on the Chao Phraya; Lingorm's featured hotel in KKday guide (luxury itinerary).","湄南河畔頂級精品酒店，Art Deco 設計並設有私人泳池 Villa；KKday 玲玲奢華行程主打住宿。","https://www.kkday.com/zh-hk/blog/111889/lingorm-bangkok-itinerary-attractions-guide","KKday","Published","13.7811000","100.5060000","🏨","the-siam-hotel"
"The Tent Beachfront Restaurant and Bar","The Tent 餐廳","","https://www.google.com/maps/place/The+Tent+Beachfront+Restaurant+and+Bar/@9.5372544,100.0701965,17z/data=!3m1!4b1!4m6!3m5!1s0x3054f02dfacf43db:0xf890230a91698e11!8m2!3d9.5372544!4d100.0701965!16s%2Fg%2F11f505ygl7?entry=ttu&g_ep=EgoyMDI2MDcxNS4wIKXMDSoASAFQAw%3D%3D","Restaurant","","蘇梅島三天兩夜 - 第一晚餐廳
Koh Samui 3 days trip - Dinner restaurant on first day","https://www.threads.com/@___epoh___/post/DSAM_XEGBLH","Threads","Published","9.5372540","100.0701960","🍽","the-tent-beachfront-restaurant-and-bar"
"Thea Cafe","Thea Cafe","","https://www.google.com/maps/place/Thea+Cafe/@13.7280224,100.576966,17z/data=!3m1!4b1!4m6!3m5!1s0x30e29f5cd22fc3fb:0x7bbfb3180c9fbb8b!8m2!3d13.7280224!4d100.576966!16s%2Fg%2F11n08j4f72?entry=ttu&g_ep=EgoyMDI2MDcxNS4wIKXMDSoASAFQAw%3D%3D","Cafe","","Orm visited here and checked in on IG","https://maps.app.goo.gl/SThB6uC4zygrANNY7","Threads","Published","13.7280224","100.5769660","☕","thea-cafe"
"Ton Tann Market","Ton Tann 夜市","","https://www.google.com/maps/search/?api=1&query=Ton+Tann+Market+Khon+Kaen","Shopping","","頓潭文創夜市（Ton Tann Market）

亮點：這不是傳統擁擠的在地熟食中心，而是一個充滿綠意、規劃得像公園一樣的文創夜市。現場除了鋪位整齊的衣服、手工藝品和令人垂涎的依善烤肉、青木瓜沙拉等泰國小吃外，中央大舞台經常有在地樂團或街頭藝人 Live 演出。
—
孔敬📍Ton tann market
從加拉信回到孔敬夜市覓食 規模滿大的就算是平日也很熱鬧 小吃很多 原本擔心的環境也很乾淨 也有專人清理餐桌👌🏻
有家🥥น้ำหวานผลไม้ (水果飲料店） 點了椰奶冰沙 超好喝！！超推只要35泰銖好便宜 順道請老闆推薦好吃的攤位 很熱心指了斜對面的ตำเลย (Tam Loei)泰式涼拌海鮮 生意很好 蝦子很新鮮 果然問在地人沒錯
夜市裡如果不吃生食也有其他家東北小吃 是個填飽肚子還能逛逛的好地方","https://maps.app.goo.gl/SThB6uC4zygrANNY7, https://www.threads.com/@mamamoo619moo/post/DZsSda7FJjA","Threads","Published","16.4186260","102.8179440","🛍","ton-tann-market"
"Ton Yen Ta Four","冬蔭蝦炸粉湯麵","ต้นเย็นตาโฟ กุ้งทอด","https://www.google.com/maps/place/Ton+Yen+Ta+Four/@13.7937473,100.6087911,17z/data=!3m1!4b1!4m6!3m5!1s0x30e29de54fc21121:0x639a092a49f0063a!8m2!3d13.7937473!4d100.6087911!16s%2Fg%2F1pzwcxj_3?entry=ttu&g_ep=EgoyMDI2MDcxNS4wIKXMDSoASAFQAw%3D%3D","Restaurant","Noodle shop (yen ta fo) with real fried shrimp; Lingorm's recommendation. Trip.com reviewer: order tom yum broth to soak up the taro/tofu rolls.","炸蝦 Yen Ta Fo 粉湯麵店，玲玲推薦。Trip.com 評論建議點冬蔭湯底，搭配芋頭／豆腐卷更入味。","https://tw.trip.com/moments/detail/bangkok-191-140507082/","Trip.com","Published","13.7937470","100.6087910","🍜","ton-yen-ta-four"
"Toscana Valley","Toscana Valley 度假村","","https://www.google.com/maps/place/Toscana+Valley/@14.5178162,101.5074364,17z/data=!4m10!3m9!1s0x311c308cbed32c05:0x3340341dc504eaf1!5m3!1s2026-11-10!4m1!1i2!8m2!3d14.5178162!4d101.5074364!16s%2Fg%2F11bxg0why8?entry=ttu&g_ep=EgoyMDI2MDcxNS4wIKXMDSoASAFQAw%3D%3D","Hotel","","TSOU 偽義大利場景","https://maps.app.goo.gl/SThB6uC4zygrANNY7","Threads","Published","14.5178160","101.5074360","🏨","toscana-valley"
"Tribe Sky Beach Club","Tribe 天空沙灘俱樂部","","https://www.google.com/maps/place/TRIBE+Sky+Beach+Club/@13.73199,100.5666814,17z/data=!4m8!3m7!1s0x30e29fc117db4933:0x3d589ee5d8524dab!8m2!3d13.73199!4d100.5666814!9m1!1b1!16s%2Fg%2F11vlwjlfn_?entry=ttu&g_ep=EgoyMDI2MDcxNS4wIKXMDSoASAFQAw%3D%3D","Bar / Rooftop Club","Rooftop beach club on top of Emsphere mall; infinity pool, cocktails, city sunset views. Lingorm trendspotting in KKday guide.","位於 Emsphere 商場頂樓的天台沙灘俱樂部，有無邊際泳池、雞尾酒與城市夕陽景觀。出現在 KKday 的 Lingorm 潮流踩點推薦。","https://www.kkday.com/zh-hk/blog/111889/lingorm-bangkok-itinerary-attractions-guide","KKday","Published","13.7313000","100.5694000","🏖️","tribe-sky-beach-club"
"Tue Kha Tang Stewed Pork Leg Jelly","豬腳凍","ตึกหะตั้ง","https://www.google.com/maps/place/Tue+Kha+Tang+Stewed+Pork+Leg+Jelly/@13.7352863,100.5121505,17z/data=!3m1!4b1!4m6!3m5!1s0x30e299e8b4bd5181:0x8c98de4e289c4fb2!8m2!3d13.7352863!4d100.5121505!16s%2Fg%2F11j6ygs7pk?entry=ttu&g_ep=EgoyMDI2MDcxNS4wIKXMDSoASAFQAw%3D%3D","Restaurant","Old-school Chinatown restaurant specialising in stewed pork leg jelly. Featured in Alek's exploration. To visit. Recommended: pork leg jelly, crab fried rice, sour plum minced pork soup, spicy crispy pork belly rice.","Alek探店系列 - 老城區，下次要去。同款：豬腳凍、蟹肉炒飯、酸梅肉末湯、辣椒香炸五花肉蓋飯。","https://www.threads.com/@ddding._.dong/post/DMNK2DoxybR","Threads","Published","13.7352930","100.5121450","🍖","tue-kha-tang-stewed-pork-leg-jelly"
"TumLub Thai Khanom Krok","椰子煎餅","ถมลาภไทยขนมครก","https://www.google.com/maps/place/TumLubThai+Khanom+Krok/@13.7320524,100.5136408,17z/data=!3m1!4b1!4m6!3m5!1s0x30e298d92636b9f1:0x7e5d86105e01073e!8m2!3d13.7320524!4d100.5136408!16s%2Fg%2F1pzpnghx9?entry=ttu&g_ep=EgoyMDI2MDcxNS4wIKXMDSoASAFQAw%3D%3D","Street Food","Coconut pancake street stall. Featured in Alek's Chinatown exploration. Good eaten hot — crispy outside with creamy custard-like filling. ✓ Visited.","Alek探店系列 - 老城區。熱熱吃還不錯，外面脆、裡面是奶奶的口感，不是想像中的QQ固體。","https://www.threads.com/@ddding._.dong/post/DMNK2DoxybR","Threads","Published","13.7320520","100.5136410","🥞","tumlub-thai-khanom-krok"
"王朗市場 (Wang Lang Market)","王朗市場","","https://www.google.com/maps/search/?api=1&query=%E7%8E%8B%E6%9C%97%E5%B8%82%E5%A0%B4+%28Wang+Lang+Market%29+13+Soi+Wang+Lang%2C+Siriraj%2C+Bangkok+Noi%2C+Bangkok+10700","Shopping","","LenaMiu x LingOrm
https://youtu.be/aHHvnJpOQfY

影片中提到的推薦食物有：
• 炸香蕉 (Fried Banana Rama 5)：他們在 [16:22] 看到並購買了這個。

• 泰式杏仁糖 (Thai marzipans) 和 炸甜豆丸/炸地瓜球 (fried... sweet bean balls? / Sweet potato balls)：在 [17:45] 提到除了炸香蕉，還買了這兩種食物。

• 椰子煎餅 (Coconut pancakes)：他們在 [18:03] 購買了這個，可選擇的配料有芋頭 (taro)、玉米 (corn) 和青蔥 (spring onions)。

• 涼拌辣木瓜沙拉 (Spicy papaya salad)：在 [19:12] 提到這道菜，特別是涼拌辣木瓜沙拉配螃蟹 (Spicy papaya salad with crab) [19:19]。","https://maps.app.goo.gl/SThB6uC4zygrANNY7","Threads","Published","13.7560870","100.4862870","🛍","wang-lang-market"
"WANWAN Coffee Roasters","WANWAN 咖啡烘焙","","https://www.google.com/maps/place/WANWAN+coffee+roasters/@13.805569,100.607499,17z/data=!3m1!4b1!4m6!3m5!1s0x30e29f95d9a4bd61:0xd31b701ab32d0bb6!8m2!3d13.805569!4d100.607499!16s%2Fg%2F11sc3r3k1t?entry=ttu&g_ep=EgoyMDI2MDcxNS4wIKXMDSoASAFQAw%3D%3D","Cafe","Coffee shop on Lingorm's map; Trip.com reviewer tips: visit the adjacent grocery store to buy shrimp crackers.","出現在 Lingorm 地圖中的咖啡店；Trip.com 評論建議順道到旁邊雜貨店買蝦餅。","https://tw.trip.com/moments/detail/bangkok-191-140507082/","Trip.com","Published","13.8055690","100.6074990","☕","wanwan-coffee-roasters"
"Yess Mookata","Yess 泰式燒烤火鍋","ร้าน Yess หมูกระทะ ชวนชิมการ์เด้น","https://www.google.com/maps/place/%E0%B8%A3%E0%B9%89%E0%B8%B2%E0%B8%99+Yess+%E0%B8%AB%E0%B8%A1%E0%B8%B9%E0%B8%81%E0%B8%A3%E0%B8%B0%E0%B8%97%E0%B8%B0+%E0%B8%8A%E0%B8%A7%E0%B8%99%E0%B8%8A%E0%B8%B7%E0%B9%88%E0%B8%99%E0%B8%81%E0%B8%B2%E0%B8%A3%E0%B9%8C%E0%B9%80%E0%B8%94%E0%B9%89%E0%B8%99+%E0%B8%81%E0%B8%B2%E0%B8%8D%E0%B8%88%E0%B8%99%E0%B8%B2%E0%B8%A0%E0%B8%B4%E0%B9%80%E0%B8%A9%E0%B8%81/@13.795851,100.4106744,17z/data=!3m1!4b1!4m6!3m5!1s0x30e2910f0b654b8b:0xa8bf99990ed61c6b!8m2!3d13.795851!4d100.4106744!16s%2Fg%2F11gnsdlft3?entry=ttu&g_ep=EgoyMDI2MDcxNS4wIKXMDSoASAFQAw%3D%3D","Restaurant","Mookata (Thai BBQ hot-pot) at Taling Chan; ★4.8, ฿200-300. Explicitly noted ""Lingorm on the way — Ling & Orm went here together"" per Douban post.","位於 Taling Chan 的泰式燒烤火鍋店，Lingorm on the way第一期综艺一起去吃的烤肉店，฿200-300。","https://www.douban.com/group/topic/311908182/","Douban","Published","13.7958510","100.4106744","🍖","yess-mookata"
"Yoru Omakase","Yoru Omakase","","https://www.google.com/maps/search/?api=1&query=Yoru+Omakase+Bangkok","Restaurant","","已歇業","https://maps.app.goo.gl/SThB6uC4zygrANNY7","Threads","Inactive","13.7450000","100.5650000","🍽","yoru-omakase"
"Yua Cafe & Dining","Yua Cafe & Dining","","https://www.google.com/maps/place/Yua+Cafe+%26+Dining/@12.9644641,100.8870871,17z/data=!3m1!4b1!4m6!3m5!1s0x3102bfa7444d6b39:0x7235cb8ce0df5490!8m2!3d12.9644641!4d100.8870871!16s%2Fg%2F11pzg238_v?entry=ttu&g_ep=EgoyMDI2MDcxNS4wIKXMDSoASAFQAw%3D%3D","Cafe","","Lingling visited","https://maps.app.goo.gl/SThB6uC4zygrANNY7","Threads","Published","12.9134158","100.8857996","☕","yua-cafe-dining"
